level_0,size,dga,level_1,0
llr,100,0,max,28
llr,100,1,max,9
llr,100,2,max,45
llr,100,3,max,71
llr,500,0,max,-3
llr,500,1,max,-4
llr,500,2,max,39
llr,500,3,max,44
llr,2500,0,max,-12
llr,2500,1,max,-7
llr,2500,2,max,37
llr,2500,3,max,40
llr,100,0,mean,-18
llr,100,1,mean,-55
llr,100,2,mean,-23
llr,100,3,mean,33
llr,500,0,mean,-18
llr,500,1,mean,-55
llr,500,2,mean,-23
llr,500,3,mean,33
llr,2500,0,mean,-18
llr,2500,1,mean,-55
llr,2500,2,mean,-23
llr,2500,3,mean,33
llr,100,0,min,-75
llr,100,1,min,-204
llr,100,2,min,-118
llr,100,3,min,-78
llr,500,0,min,-30
llr,500,1,min,-193
llr,500,2,min,-93
llr,500,3,min,-23
llr,2500,0,min,-23
llr,2500,1,min,-121
llr,2500,2,min,-82
llr,2500,3,min,-19
nx,100,0,max,540
nx,100,1,max,1040
nx,100,2,max,1040
nx,100,3,max,1190
nx,500,0,max,300
nx,500,1,max,962
nx,500,2,max,996
nx,500,3,max,1006
nx,2500,0,max,36
nx,2500,1,max,688
nx,2500,2,max,990
nx,2500,3,max,998
nx,100,0,mean,3
nx,100,1,mean,312
nx,100,2,mean,25
nx,100,3,mean,604
nx,500,0,mean,3
nx,500,1,mean,312
nx,500,2,mean,25
nx,500,3,mean,604
nx,2500,0,mean,2
nx,2500,1,mean,312
nx,2500,2,mean,24
nx,2500,3,mean,604
nx,100,0,min,0
nx,100,1,min,0
nx,100,2,min,0
nx,100,3,min,0
nx,500,0,min,0
nx,500,1,min,0
nx,500,2,min,0
nx,500,3,min,0
nx,2500,0,min,0
nx,2500,1,min,0
nx,2500,2,min,0
nx,2500,3,min,0
ctr,100,0,max,650
ctr,100,1,max,900
ctr,100,2,max,1000
ctr,100,3,max,1000
ctr,500,0,max,322
ctr,500,1,max,374
ctr,500,2,max,1000
ctr,500,3,max,1000
ctr,2500,0,max,154
ctr,2500,1,max,156
ctr,2500,2,max,995
ctr,2500,3,max,1000
ctr,100,0,mean,47
ctr,100,1,mean,12
ctr,100,2,mean,41
ctr,100,3,mean,981
ctr,500,0,mean,47
ctr,500,1,mean,12
ctr,500,2,mean,41
ctr,500,3,mean,981
ctr,2500,0,mean,47
ctr,2500,1,mean,11
ctr,2500,2,mean,41
ctr,2500,3,mean,982
ctr,100,0,min,0
ctr,100,1,min,0
ctr,100,2,min,0
ctr,100,3,min,0
ctr,500,0,min,0
ctr,500,1,min,0
ctr,500,2,min,0
ctr,500,3,min,0
ctr,2500,0,min,10
ctr,2500,1,min,0
ctr,2500,2,min,0
ctr,2500,3,min,0
